community_id,hospital_name,n_cases,n_cases_comm,share_in_comm
0,その他私的病院（市外,1,722,0.0013850415512465374
0,たんぽぽクリニック（泉中央南,4,722,0.00554016620498615
0,イムス明理会仙台総合病院（中央四,18,722,0.024930747922437674
0,上桜木しんがい脳外（富谷町,1,722,0.0013850415512465374
0,中嶋病院（大梶,26,722,0.036011080332409975
0,仙台オープン病院（鶴ヶ谷五,44,722,0.060941828254847646
0,仙台医療センター（宮城野二,35,722,0.04847645429362881
0,仙台厚生病院（堤通雨宮町,32,722,0.0443213296398892
0,仙台厚生病院（広瀬町,15,722,0.02077562326869806
0,仙台市立病院（あすと長町一,18,722,0.024930747922437674
0,仙台循環器病センター（泉中央一,34,722,0.04709141274238227
0,仙台徳洲会病院（高玉町,212,722,0.29362880886426596
0,仙台東脳神経外科（岩切一,10,722,0.013850415512465374
0,仙台赤十字病院（八木山本町二,3,722,0.004155124653739612
0,伊藤病院（二日町）,2,722,0.002770083102493075
0,光ヶ丘スペルマン病院（東仙台六,1,722,0.0013850415512465374
0,加茂耳鼻咽喉科（上谷刈字赤坂,1,722,0.0013850415512465374
0,坂総合病院（塩釜市,1,722,0.0013850415512465374
0,富谷中央病院（泉ヶ丘クリニック）（富谷町,2,722,0.002770083102493075
0,広南病院（長町南四,7,722,0.009695290858725761
0,広瀬病院（郷六字大森,1,722,0.0013850415512465374
0,木町小児科医院（柏木三,1,722,0.0013850415512465374
0,東北公済病院（国分町二,11,722,0.015235457063711912
0,東北労災病院（台原四,34,722,0.04709141274238227
0,東北医科薬科大学病院（福室一,13,722,0.018005540166204988
0,東北大学病院（星陵町,36,722,0.04986149584487535
0,松田病院（実沢字立田屋敷,23,722,0.03185595567867036
0,泉ヶ丘クリニック（桂一,1,722,0.0013850415512465374
0,泉中央病院（上谷刈四,1,722,0.0013850415512465374
0,泉整形外科病院（上谷刈,12,722,0.01662049861495845
0,泉病院（長命ヶ丘二,25,722,0.03462603878116344
0,県こども病院（落合四,11,722,0.015235457063711912
0,若林病院　東北医科薬科大学（大和町二,1,722,0.0013850415512465374
0,青葉病院（幸町三,1,722,0.0013850415512465374
0,高野原曽木医院（高野原四,3,722,0.004155124653739612
0,ＪＣＨＯ仙台病院（紫山二,80,722,0.11080332409972299
0,ＪＲ仙台病院（五橋一,1,722,0.0013850415512465374
1,さとう小児科小内科（鈎取本町一,1,860,0.0011627906976744186
1,しかない整形外科クリニック（中山九,1,860,0.0011627906976744186
1,しろうまる浅田クリニック,2,860,0.002325581395348837
1,ばば内科ゆうこ整形外科クリニック（中田五,1,860,0.0011627906976744186
1,みやぎ県南中核病院（大河原町,1,860,0.0011627906976744186
1,イムス明理会仙台総合病院（中央四,41,860,0.047674418604651166
1,ベーテル病院（岩沼市,1,860,0.0011627906976744186
1,三好耳鼻咽喉科クリニック（泉中央一,1,860,0.0011627906976744186
1,中嶋病院（大梶,34,860,0.03953488372093023
1,中田内科胃腸科医院（中田四,1,860,0.0011627906976744186
1,仙台オープン病院（鶴ヶ谷五,9,860,0.010465116279069767
1,仙台ペインクリニック（新田東三,1,860,0.0011627906976744186
1,仙台医療センター（宮城野二,53,860,0.06162790697674419
1,仙台厚生病院（堤通雨宮町,49,860,0.056976744186046514
1,仙台厚生病院（広瀬町,22,860,0.02558139534883721
1,仙台市夜間休日こども急病診療所（あすと長,1,860,0.0011627906976744186
1,仙台市立病院（あすと長町一,221,860,0.2569767441860465
1,仙台循環器病センター（泉中央一,6,860,0.0069767441860465115
1,仙台徳洲会病院（高玉町,17,860,0.019767441860465116
1,仙台整形外科病院（伊在三,1,860,0.0011627906976744186
1,仙台東脳神経外科（岩切一,3,860,0.0034883720930232558
1,仙台柳生クリニック（柳生七,1,860,0.0011627906976744186
1,仙台赤十字病院（八木山本町二,73,860,0.08488372093023255
1,伊藤病院（二日町）,6,860,0.0069767441860465115
1,修楽会宮城島整形外科（西中田四,1,860,0.0011627906976744186
1,公立黒川病院（大和町,1,860,0.0011627906976744186
1,南東北病院（岩沼市,5,860,0.005813953488372093
1,坂総合病院（塩釜市,2,860,0.002325581395348837
1,大山医院（西中田五,1,860,0.0011627906976744186
1,宮城中央病院（上杉一,1,860,0.0011627906976744186
1,宮城共立医院（上愛子字上遠野原,1,860,0.0011627906976744186
1,宮城県立がんセンター（名取市,8,860,0.009302325581395349
1,宮田医院（四郎丸字吹上,10,860,0.011627906976744186
1,広南病院（長町南四,41,860,0.047674418604651166
1,本島内科胃腸科クリニック（西中田七,1,860,0.0011627906976744186
1,東北公済病院（国分町二,27,860,0.031395348837209305
1,東北労災病院（台原四,26,860,0.030232558139534883
1,東北医科薬科大学病院（福室一,15,860,0.01744186046511628
1,東北大学病院（星陵町,22,860,0.02558139534883721
1,河原町病院（南小泉字八軒,29,860,0.03372093023255814
1,泉整形外科病院（上谷刈,4,860,0.004651162790697674
1,渡辺アイ整形外科胃腸内科,2,860,0.002325581395348837
1,県こども病院（落合四,4,860,0.004651162790697674
1,県立精神医療センター（名取市,1,860,0.0011627906976744186
1,緑の里クリニック（岩沼市,1,860,0.0011627906976744186
1,若林病院　東北医科薬科大学（大和町二,7,860,0.00813953488372093
1,西多賀病院（鈎取本町二,4,860,0.004651162790697674
1,西沢脳神経外科クリニック（土樋,2,860,0.002325581395348837
1,谷整形外科クリニック（東中田四,4,860,0.004651162790697674
1,長町南めまい耳鼻咽喉科クリニック,1,860,0.0011627906976744186
1,長町病院（長町三,1,860,0.0011627906976744186
1,ＪＣＨＯ仙台南病院（中田町前沖,78,860,0.09069767441860466
1,ＪＣＨＯ仙台病院（紫山二,9,860,0.010465116279069767
1,ＪＲ仙台病院（五橋一,4,860,0.004651162790697674
2,さとう小児科小内科（鈎取本町一,1,709,0.0014104372355430183
2,さとう腎臓内科ひ尿器科（長町二,1,709,0.0014104372355430183
2,みやぎ県南中核病院（大河原町,1,709,0.0014104372355430183
2,めざきクリニック（八木山南二,1,709,0.0014104372355430183
2,イムス明理会仙台総合病院（中央四,43,709,0.06064880112834979
2,中嶋病院（大梶,33,709,0.0465444287729196
2,丸山アレルギークリニック（あすと長町四,1,709,0.0014104372355430183
2,仙台オープン病院（鶴ヶ谷五,19,709,0.02679830747531735
2,仙台医療センター（宮城野二,28,709,0.039492242595204514
2,仙台厚生病院（堤通雨宮町,48,709,0.06770098730606489
2,仙台厚生病院（広瀬町,27,709,0.0380818053596615
2,仙台市夜間休日こども急病診療所（あすと長,1,709,0.0014104372355430183
2,仙台市急患センター（舟丁,1,709,0.0014104372355430183
2,仙台市立病院（あすと長町一,129,709,0.18194640338504936
2,仙台循環器病センター（泉中央一,2,709,0.0028208744710860366
2,仙台徳洲会病院（高玉町,22,709,0.031029619181946404
2,仙台東脳神経外科（岩切一,1,709,0.0014104372355430183
2,仙台赤十字病院（八木山本町二,175,709,0.2468265162200282
2,伊藤病院（二日町）,4,709,0.005641748942172073
2,佐藤病院（上杉二,1,709,0.0014104372355430183
2,南東北病院（岩沼市,2,709,0.0028208744710860366
2,名取熊野堂病院（名取市,1,709,0.0014104372355430183
2,坂総合病院（塩釜市,1,709,0.0014104372355430183
2,宮城県立がんセンター（名取市,2,709,0.0028208744710860366
2,広南病院（長町南四,35,709,0.04936530324400564
2,広瀬病院（郷六字大森,1,709,0.0014104372355430183
2,東北公済病院（国分町二,17,709,0.023977433004231313
2,東北労災病院（台原四,19,709,0.02679830747531735
2,東北医科薬科大学病院（福室一,4,709,0.005641748942172073
2,東北大学病院（星陵町,41,709,0.05782792665726375
2,松田病院（実沢字立田屋敷,2,709,0.0028208744710860366
2,河原町病院（南小泉字八軒,10,709,0.014104372355430184
2,河野医院（旗立二,2,709,0.0028208744710860366
2,泉整形外科病院（上谷刈,2,709,0.0028208744710860366
2,県こども病院（落合四,7,709,0.009873060648801129
2,若林病院　東北医科薬科大学（大和町二,4,709,0.005641748942172073
2,西多賀耳鼻咽喉科クリニック（西多賀四,1,709,0.0014104372355430183
2,西沢脳神経外科クリニック（土樋,1,709,0.0014104372355430183
2,長町病院（長町三,1,709,0.0014104372355430183
2,ＪＣＨＯ仙台南病院（中田町前沖,6,709,0.00846262341325811
2,ＪＣＨＯ仙台病院（紫山二,3,709,0.004231311706629055
2,ＪＲ仙台病院（五橋一,8,709,0.011283497884344146
3,イムス明理会仙台総合病院（中央四,2,56,0.03571428571428571
3,中嶋病院（大梶,1,56,0.017857142857142856
3,仙台オープン病院（鶴ヶ谷五,1,56,0.017857142857142856
3,仙台医療センター（宮城野二,20,56,0.35714285714285715
3,仙台厚生病院（堤通雨宮町,4,56,0.07142857142857142
3,仙台厚生病院（広瀬町,1,56,0.017857142857142856
3,仙台市立病院（あすと長町一,4,56,0.07142857142857142
3,仙台循環器病センター（泉中央一,1,56,0.017857142857142856
3,仙台徳洲会病院（高玉町,4,56,0.07142857142857142
3,仙台赤十字病院（八木山本町二,1,56,0.017857142857142856
3,佐藤病院（上杉二,1,56,0.017857142857142856
3,宮城県立がんセンター（名取市,1,56,0.017857142857142856
3,広南病院（長町南四,3,56,0.05357142857142857
3,東北公済病院（国分町二,1,56,0.017857142857142856
3,東北労災病院（台原四,2,56,0.03571428571428571
3,東北医科薬科大学病院（福室一,2,56,0.03571428571428571
3,東北大学病院（星陵町,2,56,0.03571428571428571
3,河原町病院（南小泉字八軒,2,56,0.03571428571428571
3,泉整形外科病院（上谷刈,1,56,0.017857142857142856
3,ＪＣＨＯ仙台病院（紫山二,1,56,0.017857142857142856
3,ＪＲ仙台病院（五橋一,1,56,0.017857142857142856
4,イムス明理会仙台総合病院（中央四,6,118,0.05084745762711865
4,中嶋病院（大梶,4,118,0.03389830508474576
4,仙台医療センター（宮城野二,5,118,0.0423728813559322
4,仙台厚生病院（堤通雨宮町,11,118,0.09322033898305085
4,仙台厚生病院（広瀬町,5,118,0.0423728813559322
4,仙台市立病院（あすと長町一,10,118,0.0847457627118644
4,仙台徳洲会病院（高玉町,8,118,0.06779661016949153
4,仙台赤十字病院（八木山本町二,4,118,0.03389830508474576
4,伊藤病院（二日町）,3,118,0.025423728813559324
4,安田病院（小田原二,1,118,0.00847457627118644
4,広南病院（長町南四,4,118,0.03389830508474576
4,東北公済病院（国分町二,31,118,0.2627118644067797
4,東北労災病院（台原四,7,118,0.059322033898305086
4,東北大学病院（星陵町,3,118,0.025423728813559324
4,松田病院（実沢字立田屋敷,1,118,0.00847457627118644
4,河原町病院（南小泉字八軒,2,118,0.01694915254237288
4,泉病院（長命ヶ丘二,4,118,0.03389830508474576
4,県こども病院（落合四,6,118,0.05084745762711865
4,ＪＣＨＯ仙台南病院（中田町前沖,2,118,0.01694915254237288
4,ＪＣＨＯ仙台病院（紫山二,1,118,0.00847457627118644
5,イムス明理会仙台総合病院（中央四,1,71,0.014084507042253521
5,中嶋病院（大梶,7,71,0.09859154929577464
5,仙台オープン病院（鶴ヶ谷五,6,71,0.08450704225352113
5,仙台医療センター（宮城野二,7,71,0.09859154929577464
5,仙台市立病院（あすと長町一,3,71,0.04225352112676056
5,仙台徳洲会病院（高玉町,1,71,0.014084507042253521
5,坂総合病院（塩釜市,4,71,0.056338028169014086
5,多賀城腎泌尿器クリニック（多賀城市,1,71,0.014084507042253521
5,広南病院（長町南四,1,71,0.014084507042253521
5,東北医科薬科大学病院（福室一,35,71,0.49295774647887325
5,東北大学病院（星陵町,2,71,0.028169014084507043
5,河原町病院（南小泉字八軒,1,71,0.014084507042253521
5,若林病院　東北医科薬科大学（大和町二,1,71,0.014084507042253521
5,ＪＣＨＯ仙台病院（紫山二,1,71,0.014084507042253521
6,イムス明理会仙台総合病院（中央四,1,58,0.017241379310344827
6,中嶋病院（大梶,2,58,0.034482758620689655
6,仙台オープン病院（鶴ヶ谷五,2,58,0.034482758620689655
6,仙台医療センター（宮城野二,3,58,0.05172413793103448
6,仙台厚生病院（堤通雨宮町,1,58,0.017241379310344827
6,仙台厚生病院（広瀬町,1,58,0.017241379310344827
6,仙台市立病院（あすと長町一,1,58,0.017241379310344827
6,仙台徳洲会病院（高玉町,3,58,0.05172413793103448
6,仙台赤十字病院（八木山本町二,9,58,0.15517241379310345
6,伊藤病院（二日町）,1,58,0.017241379310344827
6,公立黒川病院（大和町,1,58,0.017241379310344827
6,東北公済病院（国分町二,9,58,0.15517241379310345
6,東北労災病院（台原四,10,58,0.1724137931034483
6,東北医科薬科大学病院（福室一,1,58,0.017241379310344827
6,東北大学病院（星陵町,10,58,0.1724137931034483
6,河原町病院（南小泉字八軒,1,58,0.017241379310344827
6,ＪＲ仙台病院（五橋一,2,58,0.034482758620689655
7,中嶋病院（大梶,3,17,0.17647058823529413
7,仙台オープン病院（鶴ヶ谷五,1,17,0.058823529411764705
7,仙台医療センター（宮城野二,2,17,0.11764705882352941
7,仙台厚生病院（堤通雨宮町,1,17,0.058823529411764705
7,仙台徳洲会病院（高玉町,2,17,0.11764705882352941
7,仙台赤十字病院（八木山本町二,3,17,0.17647058823529413
7,宮城共立医院（上愛子字上遠野原,1,17,0.058823529411764705
7,東北公済病院（国分町二,1,17,0.058823529411764705
7,東北医科薬科大学病院（福室一,1,17,0.058823529411764705
7,泉整形外科病院（上谷刈,1,17,0.058823529411764705
7,高野原曽木医院（高野原四,1,17,0.058823529411764705
8,イムス明理会仙台総合病院（中央四,1,15,0.06666666666666667
8,仙台医療センター（宮城野二,1,15,0.06666666666666667
8,仙台厚生病院（堤通雨宮町,3,15,0.2
8,仙台厚生病院（広瀬町,1,15,0.06666666666666667
8,仙台市立病院（あすと長町一,1,15,0.06666666666666667
8,仙台徳洲会病院（高玉町,2,15,0.13333333333333333
8,広南病院（長町南四,1,15,0.06666666666666667
8,東北公済病院（国分町二,2,15,0.13333333333333333
8,東北大学病院（星陵町,1,15,0.06666666666666667
8,泉病院（長命ヶ丘二,1,15,0.06666666666666667
8,県こども病院（落合四,1,15,0.06666666666666667
9,イムス明理会仙台総合病院（中央四,3,46,0.06521739130434782
9,セイントマザークリニック（支倉町,1,46,0.021739130434782608
9,中嶋病院（大梶,3,46,0.06521739130434782
9,仙台オープン病院（鶴ヶ谷五,5,46,0.10869565217391304
9,仙台医療センター（宮城野二,6,46,0.13043478260869565
9,仙台厚生病院（広瀬町,2,46,0.043478260869565216
9,仙台市立病院（あすと長町一,2,46,0.043478260869565216
9,仙台徳洲会病院（高玉町,3,46,0.06521739130434782
9,仙台赤十字病院（八木山本町二,4,46,0.08695652173913043
9,宮城中央病院（上杉一,2,46,0.043478260869565216
9,広南病院（長町南四,1,46,0.021739130434782608
9,東北公済病院（国分町二,7,46,0.15217391304347827
9,東北労災病院（台原四,2,46,0.043478260869565216
9,東北医科薬科大学病院（福室一,1,46,0.021739130434782608
9,東北大学病院（星陵町,1,46,0.021739130434782608
9,泉整形外科病院（上谷刈,1,46,0.021739130434782608
9,ＪＣＨＯ仙台病院（紫山二,1,46,0.021739130434782608
9,ＪＲ仙台病院（五橋一,1,46,0.021739130434782608
10,イムス明理会仙台総合病院（中央四,1,8,0.125
10,仙台厚生病院（堤通雨宮町,1,8,0.125
10,仙台市立病院（あすと長町一,1,8,0.125
10,仙台徳洲会病院（高玉町,1,8,0.125
10,仙台赤十字病院（八木山本町二,1,8,0.125
10,東北公済病院（国分町二,1,8,0.125
10,東北大学病院（星陵町,1,8,0.125
10,県こども病院（落合四,1,8,0.125
11,イムス明理会仙台総合病院（中央四,1,33,0.030303030303030304
11,仙台厚生病院（堤通雨宮町,3,33,0.09090909090909091
11,仙台厚生病院（広瀬町,2,33,0.06060606060606061
11,仙台市立病院（あすと長町一,5,33,0.15151515151515152
11,仙台循環器病センター（泉中央一,1,33,0.030303030303030304
11,仙台徳洲会病院（高玉町,3,33,0.09090909090909091
11,佐藤病院（上杉二,1,33,0.030303030303030304
11,広南病院（長町南四,2,33,0.06060606060606061
11,東北公済病院（国分町二,1,33,0.030303030303030304
11,東北労災病院（台原四,2,33,0.06060606060606061
11,東北大学病院（星陵町,5,33,0.15151515151515152
11,河原町病院（南小泉字八軒,1,33,0.030303030303030304
11,泉病院（長命ヶ丘二,2,33,0.06060606060606061
11,県こども病院（落合四,2,33,0.06060606060606061
11,若山医院　内科・循環器内科（東勝山三,1,33,0.030303030303030304
11,ＪＣＨＯ仙台病院（紫山二,1,33,0.030303030303030304
12,イムス明理会仙台総合病院（中央四,3,22,0.13636363636363635
12,中嶋病院（大梶,1,22,0.045454545454545456
12,仙台医療センター（宮城野二,1,22,0.045454545454545456
12,仙台厚生病院（堤通雨宮町,1,22,0.045454545454545456
12,仙台厚生病院（広瀬町,4,22,0.18181818181818182
12,仙台市立病院（あすと長町一,4,22,0.18181818181818182
12,伊藤病院（二日町）,1,22,0.045454545454545456
12,広南病院（長町南四,1,22,0.045454545454545456
12,東北公済病院（国分町二,2,22,0.09090909090909091
12,東北労災病院（台原四,2,22,0.09090909090909091
12,泉病院（長命ヶ丘二,1,22,0.045454545454545456
12,ＪＲ仙台病院（五橋一,1,22,0.045454545454545456
13,あやし腎・泌尿器クリニック,1,355,0.0028169014084507044
13,みやぎ県南中核病院（大河原町,1,355,0.0028169014084507044
13,イムス明理会仙台総合病院（中央四,14,355,0.03943661971830986
13,マドレクリニック（中央三,3,355,0.008450704225352112
13,中嶋病院（大梶,9,355,0.02535211267605634
13,仙台オープン病院（鶴ヶ谷五,23,355,0.0647887323943662
13,仙台医療センター（宮城野二,21,355,0.059154929577464786
13,仙台厚生病院（堤通雨宮町,30,355,0.08450704225352113
13,仙台厚生病院（広瀬町,12,355,0.03380281690140845
13,仙台市立病院（あすと長町一,68,355,0.19154929577464788
13,仙台循環器病センター（泉中央一,1,355,0.0028169014084507044
13,仙台徳洲会病院（高玉町,16,355,0.04507042253521127
13,仙台東脳神経外科（岩切一,2,355,0.005633802816901409
13,仙台赤十字病院（八木山本町二,58,355,0.16338028169014085
13,伊藤病院（二日町）,1,355,0.0028169014084507044
13,広南病院（長町南四,19,355,0.05352112676056338
13,広瀬病院（郷六字大森,2,355,0.005633802816901409
13,東北公済病院（国分町二,16,355,0.04507042253521127
13,東北労災病院（台原四,11,355,0.030985915492957747
13,東北医科薬科大学病院（福室一,4,355,0.011267605633802818
13,東北大学病院（星陵町,16,355,0.04507042253521127
13,河原町病院（南小泉字八軒,3,355,0.008450704225352112
13,泉病院（長命ヶ丘二,2,355,0.005633802816901409
13,県こども病院（落合四,4,355,0.011267605633802818
13,若林病院　東北医科薬科大学（大和町二,1,355,0.0028169014084507044
13,茂庭台診療所（茂庭台二,1,355,0.0028169014084507044
13,野村宏脳神経内科クリニック（木町通一,1,355,0.0028169014084507044
13,長町病院（長町三,3,355,0.008450704225352112
13,高木外科胃腸科医院（南中山二,1,355,0.0028169014084507044
13,ＪＣＨＯ仙台南病院（中田町前沖,2,355,0.005633802816901409
13,ＪＣＨＯ仙台病院（紫山二,4,355,0.011267605633802818
13,ＪＲ仙台病院（五橋一,5,355,0.014084507042253521
14,イムス明理会仙台総合病院（中央四,4,24,0.16666666666666666
14,中嶋病院（大梶,2,24,0.08333333333333333
14,仙台市立病院（あすと長町一,3,24,0.125
14,仙台徳洲会病院（高玉町,1,24,0.041666666666666664
14,広南病院（長町南四,2,24,0.08333333333333333
14,東北公済病院（国分町二,3,24,0.125
14,東北労災病院（台原四,1,24,0.041666666666666664
14,東北大学病院（星陵町,2,24,0.08333333333333333
14,泉整形外科病院（上谷刈,2,24,0.08333333333333333
14,泉病院（長命ヶ丘二,1,24,0.041666666666666664
14,県こども病院（落合四,2,24,0.08333333333333333
14,ＪＣＨＯ仙台病院（紫山二,1,24,0.041666666666666664
15,イムス明理会仙台総合病院（中央四,2,97,0.020618556701030927
15,中嶋病院（大梶,6,97,0.061855670103092786
15,仙台医療センター（宮城野二,5,97,0.05154639175257732
15,仙台厚生病院（堤通雨宮町,13,97,0.13402061855670103
15,仙台厚生病院（広瀬町,4,97,0.041237113402061855
15,仙台市立病院（あすと長町一,13,97,0.13402061855670103
15,仙台徳洲会病院（高玉町,2,97,0.020618556701030927
15,仙台赤十字病院（八木山本町二,18,97,0.18556701030927836
15,伊藤病院（二日町）,1,97,0.010309278350515464
15,南東北病院（岩沼市,1,97,0.010309278350515464
15,国見台病院（国見一,1,97,0.010309278350515464
15,坂総合病院（塩釜市,2,97,0.020618556701030927
15,広南病院（長町南四,8,97,0.08247422680412371
15,広瀬病院（郷六字大森,1,97,0.010309278350515464
15,東北公済病院（国分町二,4,97,0.041237113402061855
15,東北労災病院（台原四,6,97,0.061855670103092786
15,東北大学病院（星陵町,2,97,0.020618556701030927
15,県こども病院（落合四,1,97,0.010309278350515464
15,若林病院　東北医科薬科大学（大和町二,2,97,0.020618556701030927
15,ＪＣＨＯ仙台南病院（中田町前沖,1,97,0.010309278350515464
15,ＪＣＨＯ仙台病院（紫山二,1,97,0.010309278350515464
15,ＪＲ仙台病院（五橋一,3,97,0.030927835051546393
16,イムス明理会仙台総合病院（中央四,2,78,0.02564102564102564
16,中嶋病院（大梶,3,78,0.038461538461538464
16,仙台オープン病院（鶴ヶ谷五,2,78,0.02564102564102564
16,仙台医療センター（宮城野二,2,78,0.02564102564102564
16,仙台厚生病院（堤通雨宮町,9,78,0.11538461538461539
16,仙台厚生病院（広瀬町,2,78,0.02564102564102564
16,仙台市立病院（あすと長町一,9,78,0.11538461538461539
16,仙台徳洲会病院（高玉町,4,78,0.05128205128205128
16,仙台赤十字病院（八木山本町二,12,78,0.15384615384615385
16,伊藤病院（二日町）,2,78,0.02564102564102564
16,宮城県立がんセンター（名取市,1,78,0.01282051282051282
16,広南病院（長町南四,8,78,0.10256410256410256
16,東北公済病院（国分町二,10,78,0.1282051282051282
16,東北労災病院（台原四,3,78,0.038461538461538464
16,東北大学病院（星陵町,3,78,0.038461538461538464
16,河原町病院（南小泉字八軒,1,78,0.01282051282051282
16,泉整形外科病院（上谷刈,1,78,0.01282051282051282
16,泉病院（長命ヶ丘二,1,78,0.01282051282051282
16,ＪＣＨＯ仙台病院（紫山二,1,78,0.01282051282051282
16,ＪＲ仙台病院（五橋一,2,78,0.02564102564102564
17,イムス明理会仙台総合病院（中央四,2,43,0.046511627906976744
17,中嶋病院（大梶,1,43,0.023255813953488372
17,仙台医療センター（宮城野二,2,43,0.046511627906976744
17,仙台厚生病院（堤通雨宮町,8,43,0.18604651162790697
17,仙台厚生病院（広瀬町,2,43,0.046511627906976744
17,仙台市立病院（あすと長町一,3,43,0.06976744186046512
17,仙台徳洲会病院（高玉町,6,43,0.13953488372093023
17,仙台東脳神経外科（岩切一,1,43,0.023255813953488372
17,仙台赤十字病院（八木山本町二,1,43,0.023255813953488372
17,広南病院（長町南四,2,43,0.046511627906976744
17,東北公済病院（国分町二,2,43,0.046511627906976744
17,東北労災病院（台原四,2,43,0.046511627906976744
17,東北大学病院（星陵町,3,43,0.06976744186046512
17,泉整形外科病院（上谷刈,1,43,0.023255813953488372
17,泉病院（長命ヶ丘二,1,43,0.023255813953488372
17,若林病院　東北医科薬科大学（大和町二,1,43,0.023255813953488372
17,ＪＣＨＯ仙台病院（紫山二,5,43,0.11627906976744186
18,中嶋病院（大梶,1,28,0.03571428571428571
18,仙台医療センター（宮城野二,1,28,0.03571428571428571
18,仙台厚生病院（堤通雨宮町,6,28,0.21428571428571427
18,仙台市立病院（あすと長町一,2,28,0.07142857142857142
18,仙台徳洲会病院（高玉町,2,28,0.07142857142857142
18,仙台東脳神経外科（岩切一,1,28,0.03571428571428571
18,広南病院（長町南四,3,28,0.10714285714285714
18,東北公済病院（国分町二,2,28,0.07142857142857142
18,東北労災病院（台原四,4,28,0.14285714285714285
18,松田病院（実沢字立田屋敷,1,28,0.03571428571428571
18,泉病院（長命ヶ丘二,1,28,0.03571428571428571
18,県こども病院（落合四,1,28,0.03571428571428571
18,ＪＣＨＯ仙台病院（紫山二,2,28,0.07142857142857142
18,ＪＲ仙台病院（五橋一,1,28,0.03571428571428571
19,イムス明理会仙台総合病院（中央四,2,57,0.03508771929824561
19,中嶋病院（大梶,1,57,0.017543859649122806
19,仙台オープン病院（鶴ヶ谷五,3,57,0.05263157894736842
19,仙台医療センター（宮城野二,4,57,0.07017543859649122
19,仙台厚生病院（堤通雨宮町,5,57,0.08771929824561403
19,仙台厚生病院（広瀬町,1,57,0.017543859649122806
19,仙台市立病院（あすと長町一,1,57,0.017543859649122806
19,仙台循環器病センター（泉中央一,1,57,0.017543859649122806
19,仙台徳洲会病院（高玉町,5,57,0.08771929824561403
19,仙台赤十字病院（八木山本町二,1,57,0.017543859649122806
19,伊藤病院（二日町）,1,57,0.017543859649122806
19,広南病院（長町南四,1,57,0.017543859649122806
19,日野クリニック（愛子東二,1,57,0.017543859649122806
19,東北公済病院（国分町二,7,57,0.12280701754385964
19,東北労災病院（台原四,6,57,0.10526315789473684
19,東北医科薬科大学病院（福室一,2,57,0.03508771929824561
19,東北大学病院（星陵町,4,57,0.07017543859649122
19,泉整形外科病院（上谷刈,2,57,0.03508771929824561
19,泉病院（長命ヶ丘二,1,57,0.017543859649122806
19,県こども病院（落合四,2,57,0.03508771929824561
19,ＪＣＨＯ仙台病院（紫山二,6,57,0.10526315789473684
20,イムス明理会仙台総合病院（中央四,1,77,0.012987012987012988
20,中嶋病院（大梶,1,77,0.012987012987012988
20,仙台医療センター（宮城野二,3,77,0.03896103896103896
20,仙台厚生病院（堤通雨宮町,7,77,0.09090909090909091
20,仙台厚生病院（広瀬町,2,77,0.025974025974025976
20,仙台市立病院（あすと長町一,4,77,0.05194805194805195
20,仙台徳洲会病院（高玉町,8,77,0.1038961038961039
20,伊藤病院（二日町）,1,77,0.012987012987012988
20,広南病院（長町南四,3,77,0.03896103896103896
20,東北公済病院（国分町二,11,77,0.14285714285714285
20,東北労災病院（台原四,6,77,0.07792207792207792
20,東北大学病院（星陵町,6,77,0.07792207792207792
20,松田病院（実沢字立田屋敷,3,77,0.03896103896103896
20,河原町病院（南小泉字八軒,1,77,0.012987012987012988
20,泉病院（長命ヶ丘二,7,77,0.09090909090909091
20,県こども病院（落合四,5,77,0.06493506493506493
20,ＪＣＨＯ仙台病院（紫山二,8,77,0.1038961038961039
21,イムス明理会仙台総合病院（中央四,4,58,0.06896551724137931
21,中嶋病院（大梶,2,58,0.034482758620689655
21,仙台オープン病院（鶴ヶ谷五,2,58,0.034482758620689655
21,仙台医療センター（宮城野二,2,58,0.034482758620689655
21,仙台厚生病院（堤通雨宮町,7,58,0.1206896551724138
21,仙台厚生病院（広瀬町,1,58,0.017241379310344827
21,仙台市立病院（あすと長町一,4,58,0.06896551724137931
21,仙台循環器病センター（泉中央一,1,58,0.017241379310344827
21,仙台徳洲会病院（高玉町,4,58,0.06896551724137931
21,広南病院（長町南四,3,58,0.05172413793103448
21,東北公済病院（国分町二,6,58,0.10344827586206896
21,東北労災病院（台原四,3,58,0.05172413793103448
21,東北大学病院（星陵町,3,58,0.05172413793103448
21,河原町病院（南小泉字八軒,1,58,0.017241379310344827
21,泉整形外科病院（上谷刈,2,58,0.034482758620689655
21,泉病院（長命ヶ丘二,4,58,0.06896551724137931
21,県こども病院（落合四,1,58,0.017241379310344827
21,ＪＣＨＯ仙台南病院（中田町前沖,1,58,0.017241379310344827
21,ＪＣＨＯ仙台病院（紫山二,7,58,0.1206896551724138
22,ひろせ中央クリニック（落合二丁目,1,140,0.007142857142857143
22,イムス明理会仙台総合病院（中央四,8,140,0.05714285714285714
22,中嶋病院（大梶,3,140,0.02142857142857143
22,仙台オープン病院（鶴ヶ谷五,2,140,0.014285714285714285
22,仙台医療センター（宮城野二,10,140,0.07142857142857142
22,仙台厚生病院（堤通雨宮町,17,140,0.12142857142857143
22,仙台厚生病院（広瀬町,3,140,0.02142857142857143
22,仙台市立病院（あすと長町一,21,140,0.15
22,仙台徳洲会病院（高玉町,16,140,0.11428571428571428
22,仙台東脳神経外科（岩切一,1,140,0.007142857142857143
22,仙台赤十字病院（八木山本町二,5,140,0.03571428571428571
22,伊藤病院（二日町）,2,140,0.014285714285714285
22,広南病院（長町南四,2,140,0.014285714285714285
22,東北公済病院（国分町二,8,140,0.05714285714285714
22,東北労災病院（台原四,3,140,0.02142857142857143
22,東北大学病院（星陵町,11,140,0.07857142857142857
22,松田病院（実沢字立田屋敷,2,140,0.014285714285714285
22,泉整形外科病院（上谷刈,1,140,0.007142857142857143
22,泉病院（長命ヶ丘二,5,140,0.03571428571428571
22,県こども病院（落合四,12,140,0.08571428571428572
22,若林病院　東北医科薬科大学（大和町二,1,140,0.007142857142857143
22,ＪＣＨＯ仙台病院（紫山二,1,140,0.007142857142857143
22,ＪＲ仙台病院（五橋一,5,140,0.03571428571428571
23,イムス明理会仙台総合病院（中央四,5,108,0.046296296296296294
23,中嶋病院（大梶,9,108,0.08333333333333333
23,仙台オープン病院（鶴ヶ谷五,3,108,0.027777777777777776
23,仙台医療センター（宮城野二,2,108,0.018518518518518517
23,仙台厚生病院（堤通雨宮町,7,108,0.06481481481481481
23,仙台厚生病院（広瀬町,4,108,0.037037037037037035
23,仙台市立病院（あすと長町一,14,108,0.12962962962962962
23,仙台徳洲会病院（高玉町,6,108,0.05555555555555555
23,仙台赤十字病院（八木山本町二,5,108,0.046296296296296294
23,広南病院（長町南四,4,108,0.037037037037037035
23,東北公済病院（国分町二,8,108,0.07407407407407407
23,東北労災病院（台原四,6,108,0.05555555555555555
23,東北大学病院（星陵町,4,108,0.037037037037037035
23,河原町病院（南小泉字八軒,5,108,0.046296296296296294
23,泉病院（長命ヶ丘二,3,108,0.027777777777777776
23,県こども病院（落合四,12,108,0.1111111111111111
23,西多賀病院（鈎取本町二,1,108,0.009259259259259259
23,阿部内視鏡内科（川内川前丁,1,108,0.009259259259259259
23,ＪＣＨＯ仙台病院（紫山二,7,108,0.06481481481481481
23,ＪＲ仙台病院（五橋一,2,108,0.018518518518518517
24,イムス明理会仙台総合病院（中央四,1,53,0.018867924528301886
24,中嶋病院（大梶,6,53,0.11320754716981132
24,仙台医療センター（宮城野二,5,53,0.09433962264150944
24,仙台厚生病院（堤通雨宮町,5,53,0.09433962264150944
24,仙台厚生病院（広瀬町,1,53,0.018867924528301886
24,仙台市立病院（あすと長町一,3,53,0.05660377358490566
24,仙台徳洲会病院（高玉町,3,53,0.05660377358490566
24,仙台赤十字病院（八木山本町二,2,53,0.03773584905660377
24,広南病院（長町南四,2,53,0.03773584905660377
24,東北公済病院（国分町二,5,53,0.09433962264150944
24,東北労災病院（台原四,3,53,0.05660377358490566
24,東北医科薬科大学病院（福室一,2,53,0.03773584905660377
24,東北大学病院（星陵町,5,53,0.09433962264150944
24,松田病院（実沢字立田屋敷,2,53,0.03773584905660377
24,泉病院（長命ヶ丘二,5,53,0.09433962264150944
24,県こども病院（落合四,1,53,0.018867924528301886
24,ＪＣＨＯ仙台病院（紫山二,2,53,0.03773584905660377
25,仙台オープン病院（鶴ヶ谷五,1,14,0.07142857142857142
25,仙台医療センター（宮城野二,1,14,0.07142857142857142
25,仙台厚生病院（堤通雨宮町,1,14,0.07142857142857142
25,仙台厚生病院（広瀬町,2,14,0.14285714285714285
25,仙台赤十字病院（八木山本町二,1,14,0.07142857142857142
25,伊藤病院（二日町）,2,14,0.14285714285714285
25,国見台病院（国見一,1,14,0.07142857142857142
25,宮城共立医院（上愛子字上遠野原,1,14,0.07142857142857142
25,広南病院（長町南四,1,14,0.07142857142857142
25,県こども病院（落合四,2,14,0.14285714285714285
25,ＪＣＨＯ仙台病院（紫山二,1,14,0.07142857142857142
26,イムス明理会仙台総合病院（中央四,4,45,0.08888888888888889
26,仙台オープン病院（鶴ヶ谷五,2,45,0.044444444444444446
26,仙台医療センター（宮城野二,2,45,0.044444444444444446
26,仙台厚生病院（堤通雨宮町,6,45,0.13333333333333333
26,仙台厚生病院（広瀬町,3,45,0.06666666666666667
26,仙台市立病院（あすと長町一,1,45,0.022222222222222223
26,仙台循環器病センター（泉中央一,1,45,0.022222222222222223
26,仙台徳洲会病院（高玉町,7,45,0.15555555555555556
26,仙台赤十字病院（八木山本町二,2,45,0.044444444444444446
26,広南病院（長町南四,1,45,0.022222222222222223
26,広瀬病院（郷六字大森,1,45,0.022222222222222223
26,東北公済病院（国分町二,2,45,0.044444444444444446
26,東北労災病院（台原四,5,45,0.1111111111111111
26,東北大学病院（星陵町,3,45,0.06666666666666667
26,泉整形外科病院（上谷刈,2,45,0.044444444444444446
26,泉病院（長命ヶ丘二,2,45,0.044444444444444446
26,ＪＣＨＯ仙台病院（紫山二,1,45,0.022222222222222223
27,仙台循環器病センター（泉中央一,1,3,0.3333333333333333
27,広南病院（長町南四,1,3,0.3333333333333333
27,西多賀病院（鈎取本町二,1,3,0.3333333333333333
28,イムス明理会仙台総合病院（中央四,1,7,0.14285714285714285
28,仙台循環器病センター（泉中央一,2,7,0.2857142857142857
28,宮城県立がんセンター（名取市,1,7,0.14285714285714285
28,広南病院（長町南四,1,7,0.14285714285714285
28,松田病院（実沢字立田屋敷,1,7,0.14285714285714285
28,泉病院（長命ヶ丘二,1,7,0.14285714285714285
29,その他私的診療所（宮城,1,67,0.014925373134328358
29,イムス明理会仙台総合病院（中央四,6,67,0.08955223880597014
29,中嶋病院（大梶,3,67,0.04477611940298507
29,仙台医療センター（宮城野二,5,67,0.07462686567164178
29,仙台厚生病院（広瀬町,7,67,0.1044776119402985
29,仙台市立病院（あすと長町一,8,67,0.11940298507462686
29,仙台徳洲会病院（高玉町,5,67,0.07462686567164178
29,広南病院（長町南四,2,67,0.029850746268656716
29,東北公済病院（国分町二,12,67,0.1791044776119403
29,東北労災病院（台原四,5,67,0.07462686567164178
29,東北大学病院（星陵町,9,67,0.13432835820895522
29,泉整形外科病院（上谷刈,2,67,0.029850746268656716
29,県こども病院（落合四,2,67,0.029850746268656716
30,イムス明理会仙台総合病院（中央四,1,12,0.08333333333333333
30,中嶋病院（大梶,2,12,0.16666666666666666
30,仙台市立病院（あすと長町一,2,12,0.16666666666666666
30,伊藤病院（二日町）,1,12,0.08333333333333333
30,広南病院（長町南四,1,12,0.08333333333333333
30,東北労災病院（台原四,2,12,0.16666666666666666
30,ＪＣＨＯ仙台病院（紫山二,2,12,0.16666666666666666
30,ＪＲ仙台病院（五橋一,1,12,0.08333333333333333
31,イムス明理会仙台総合病院（中央四,8,82,0.0975609756097561
31,中嶋病院（大梶,7,82,0.08536585365853659
31,仙台オープン病院（鶴ヶ谷五,5,82,0.06097560975609756
31,仙台医療センター（宮城野二,3,82,0.036585365853658534
31,仙台厚生病院（堤通雨宮町,9,82,0.10975609756097561
31,仙台厚生病院（広瀬町,5,82,0.06097560975609756
31,仙台市立病院（あすと長町一,6,82,0.07317073170731707
31,仙台徳洲会病院（高玉町,6,82,0.07317073170731707
31,仙台赤十字病院（八木山本町二,1,82,0.012195121951219513
31,広南病院（長町南四,4,82,0.04878048780487805
31,東北公済病院（国分町二,10,82,0.12195121951219512
31,東北労災病院（台原四,5,82,0.06097560975609756
31,東北医科薬科大学病院（福室一,1,82,0.012195121951219513
31,東北大学病院（星陵町,5,82,0.06097560975609756
31,泉中央病院（上谷刈四,1,82,0.012195121951219513
31,泉病院（長命ヶ丘二,1,82,0.012195121951219513
31,ＪＣＨＯ仙台病院（紫山二,4,82,0.04878048780487805
31,ＪＲ仙台病院（五橋一,1,82,0.012195121951219513
32,ひろせ中央クリニック（落合二丁目,1,198,0.005050505050505051
32,イムス明理会仙台総合病院（中央四,16,198,0.08080808080808081
32,中嶋病院（大梶,14,198,0.0707070707070707
32,仙台オープン病院（鶴ヶ谷五,4,198,0.020202020202020204
32,仙台中江病院（中江一,1,198,0.005050505050505051
32,仙台医療センター（宮城野二,6,198,0.030303030303030304
32,仙台厚生病院（堤通雨宮町,21,198,0.10606060606060606
32,仙台厚生病院（広瀬町,8,198,0.04040404040404041
32,仙台市立病院（あすと長町一,12,198,0.06060606060606061
32,仙台徳洲会病院（高玉町,19,198,0.09595959595959595
32,仙台赤十字病院（八木山本町二,5,198,0.025252525252525252
32,伊藤病院（二日町）,6,198,0.030303030303030304
32,宗像靖彦クリニック,1,198,0.005050505050505051
32,宮城共立医院（上愛子字上遠野原,1,198,0.005050505050505051
32,広南病院（長町南四,4,198,0.020202020202020204
32,東北公済病院（国分町二,32,198,0.16161616161616163
32,東北労災病院（台原四,11,198,0.05555555555555555
32,東北医科薬科大学病院（福室一,2,198,0.010101010101010102
32,東北大学病院（星陵町,5,198,0.025252525252525252
32,松原医院（愛子東二,1,198,0.005050505050505051
32,河原町病院（南小泉字八軒,3,198,0.015151515151515152
32,泉整形外科病院（上谷刈,3,198,0.015151515151515152
32,泉病院（長命ヶ丘二,1,198,0.005050505050505051
32,県こども病院（落合四,14,198,0.0707070707070707
32,県立精神医療センター（名取市,1,198,0.005050505050505051
32,若林病院　東北医科薬科大学（大和町二,1,198,0.005050505050505051
32,ＪＣＨＯ仙台病院（紫山二,4,198,0.020202020202020204
32,ＪＲ仙台病院（五橋一,1,198,0.005050505050505051
33,仙台医療センター（宮城野二,2,14,0.14285714285714285
33,仙台循環器病センター（泉中央一,1,14,0.07142857142857142
33,仙台徳洲会病院（高玉町,2,14,0.14285714285714285
33,仙台赤十字病院（八木山本町二,1,14,0.07142857142857142
33,東北公済病院（国分町二,1,14,0.07142857142857142
33,泉病院（長命ヶ丘二,3,14,0.21428571428571427
33,若林病院　東北医科薬科大学（大和町二,2,14,0.14285714285714285
33,ＪＣＨＯ仙台病院（紫山二,2,14,0.14285714285714285
34,イムス明理会仙台総合病院（中央四,15,129,0.11627906976744186
34,中嶋病院（大梶,4,129,0.031007751937984496
34,仙台オープン病院（鶴ヶ谷五,5,129,0.03875968992248062
34,仙台医療センター（宮城野二,5,129,0.03875968992248062
34,仙台厚生病院（堤通雨宮町,6,129,0.046511627906976744
34,仙台厚生病院（広瀬町,3,129,0.023255813953488372
34,仙台市立病院（あすと長町一,5,129,0.03875968992248062
34,仙台循環器病センター（泉中央一,2,129,0.015503875968992248
34,仙台徳洲会病院（高玉町,22,129,0.17054263565891473
34,仙台赤十字病院（八木山本町二,1,129,0.007751937984496124
34,内科漆山医院（木町通一,1,129,0.007751937984496124
34,坂総合病院（塩釜市,1,129,0.007751937984496124
34,広南病院（長町南四,1,129,0.007751937984496124
34,東北公済病院（国分町二,6,129,0.046511627906976744
34,東北労災病院（台原四,9,129,0.06976744186046512
34,東北大学病院（星陵町,15,129,0.11627906976744186
34,松田病院（実沢字立田屋敷,2,129,0.015503875968992248
34,河原町病院（南小泉字八軒,1,129,0.007751937984496124
34,泉整形外科病院（上谷刈,2,129,0.015503875968992248
34,泉病院（長命ヶ丘二,9,129,0.06976744186046512
34,県こども病院（落合四,2,129,0.015503875968992248
34,高野原曽木医院（高野原四,2,129,0.015503875968992248
34,ＪＣＨＯ仙台病院（紫山二,9,129,0.06976744186046512
34,ＪＲ仙台病院（五橋一,1,129,0.007751937984496124
35,仙台厚生病院（堤通雨宮町,1,18,0.05555555555555555
35,仙台市夜間休日こども急病診療所（あすと長,1,18,0.05555555555555555
35,仙台市立病院（あすと長町一,2,18,0.1111111111111111
35,仙台徳洲会病院（高玉町,3,18,0.16666666666666666
35,仙台東脳神経外科（岩切一,1,18,0.05555555555555555
35,東北労災病院（台原四,1,18,0.05555555555555555
35,東北大学病院（星陵町,1,18,0.05555555555555555
35,松田病院（実沢字立田屋敷,2,18,0.1111111111111111
35,泉整形外科病院（上谷刈,3,18,0.16666666666666666
35,泉病院（長命ヶ丘二,1,18,0.05555555555555555
35,ＪＣＨＯ仙台病院（紫山二,2,18,0.1111111111111111
36,イムス明理会仙台総合病院（中央四,13,375,0.034666666666666665
36,中嶋病院（大梶,10,375,0.02666666666666667
36,仙台オープン病院（鶴ヶ谷五,14,375,0.037333333333333336
36,仙台医療センター（宮城野二,23,375,0.06133333333333333
36,仙台厚生病院（堤通雨宮町,21,375,0.056
36,仙台厚生病院（広瀬町,13,375,0.034666666666666665
36,仙台市夜間休日こども急病診療所（あすと長,1,375,0.0026666666666666666
36,仙台市急患センター（舟丁,1,375,0.0026666666666666666
36,仙台市立病院（あすと長町一,73,375,0.19466666666666665
36,仙台循環器病センター（泉中央一,1,375,0.0026666666666666666
36,仙台徳洲会病院（高玉町,6,375,0.016
36,仙台東脳神経外科（岩切一,1,375,0.0026666666666666666
36,仙台赤十字病院（八木山本町二,65,375,0.17333333333333334
36,伊藤病院（二日町）,1,375,0.0026666666666666666
36,八木山内科クリニック（八木山本町一,1,375,0.0026666666666666666
36,南東北病院（岩沼市,1,375,0.0026666666666666666
36,宏人会木町病院（木町通一,1,375,0.0026666666666666666
36,宮城中央病院（上杉一,1,375,0.0026666666666666666
36,宮城県立がんセンター（名取市,3,375,0.008
36,広南病院（長町南四,20,375,0.05333333333333334
36,東北公済病院（国分町二,7,375,0.018666666666666668
36,東北労災病院（台原四,13,375,0.034666666666666665
36,東北医科薬科大学病院（福室一,11,375,0.029333333333333333
36,東北大学病院（星陵町,33,375,0.088
36,河原町病院（南小泉字八軒,5,375,0.013333333333333334
36,泉整形外科病院（上谷刈,1,375,0.0026666666666666666
36,泉病院（長命ヶ丘二,1,375,0.0026666666666666666
36,県こども病院（落合四,18,375,0.048
36,石巻赤十字病院（石巻市蛇田,1,375,0.0026666666666666666
36,若林病院　東北医科薬科大学（大和町二,1,375,0.0026666666666666666
36,西多賀病院（鈎取本町二,1,375,0.0026666666666666666
36,西沢脳神経外科クリニック（土樋,1,375,0.0026666666666666666
36,長町病院（長町三,1,375,0.0026666666666666666
36,ＪＣＨＯ仙台南病院（中田町前沖,6,375,0.016
36,ＪＲ仙台病院（五橋一,5,375,0.013333333333333334
37,みやぎ台かねこ医院（みやぎ台三,1,97,0.010309278350515464
37,イムス明理会仙台総合病院（中央四,5,97,0.05154639175257732
37,メリーレディースクリニック（落合六,1,97,0.010309278350515464
37,中嶋病院（大梶,7,97,0.07216494845360824
37,仙台みやぎ整形外科クリニック（郷六字舘,1,97,0.010309278350515464
37,仙台オープン病院（鶴ヶ谷五,1,97,0.010309278350515464
37,仙台医療センター（宮城野二,9,97,0.09278350515463918
37,仙台厚生病院（堤通雨宮町,15,97,0.15463917525773196
37,仙台厚生病院（広瀬町,4,97,0.041237113402061855
37,仙台市立病院（あすと長町一,8,97,0.08247422680412371
37,仙台循環器病センター（泉中央一,2,97,0.020618556701030927
37,仙台徳洲会病院（高玉町,8,97,0.08247422680412371
37,仙台赤十字病院（八木山本町二,3,97,0.030927835051546393
37,伊藤病院（二日町）,2,97,0.020618556701030927
37,公立黒川病院（大和町,2,97,0.020618556701030927
37,南東北病院（岩沼市,1,97,0.010309278350515464
37,広南病院（長町南四,2,97,0.020618556701030927
37,広瀬病院（郷六字大森,2,97,0.020618556701030927
37,愛子整形外科（愛子東一,1,97,0.010309278350515464
37,東北公済病院（国分町二,6,97,0.061855670103092786
37,東北労災病院（台原四,3,97,0.030927835051546393
37,東北大学病院（星陵町,3,97,0.030927835051546393
37,河原町病院（南小泉字八軒,1,97,0.010309278350515464
37,泉中央病院（上谷刈四,1,97,0.010309278350515464
37,泉整形外科病院（上谷刈,1,97,0.010309278350515464
37,泉病院（長命ヶ丘二,1,97,0.010309278350515464
37,県こども病院（落合四,4,97,0.041237113402061855
37,ＪＣＨＯ仙台病院（紫山二,2,97,0.020618556701030927
38,中嶋病院（大梶,2,76,0.02631578947368421
38,仙台オープン病院（鶴ヶ谷五,1,76,0.013157894736842105
38,仙台医療センター（宮城野二,5,76,0.06578947368421052
38,仙台厚生病院（堤通雨宮町,2,76,0.02631578947368421
38,仙台市立病院（あすと長町一,2,76,0.02631578947368421
38,仙台循環器病センター（泉中央一,1,76,0.013157894736842105
38,仙台徳洲会病院（高玉町,15,76,0.19736842105263158
38,仙台東脳神経外科（岩切一,1,76,0.013157894736842105
38,伊藤病院（二日町）,1,76,0.013157894736842105
38,公立黒川病院（大和町,1,76,0.013157894736842105
38,坂総合病院（塩釜市,1,76,0.013157894736842105
38,広南病院（長町南四,1,76,0.013157894736842105
38,東北公済病院（国分町二,2,76,0.02631578947368421
38,東北労災病院（台原四,6,76,0.07894736842105263
38,東北大学病院（星陵町,8,76,0.10526315789473684
38,松田病院（実沢字立田屋敷,5,76,0.06578947368421052
38,泉中央病院（上谷刈四,1,76,0.013157894736842105
38,泉整形外科病院（上谷刈,1,76,0.013157894736842105
38,泉病院（長命ヶ丘二,5,76,0.06578947368421052
38,県こども病院（落合四,2,76,0.02631578947368421
38,ＪＣＨＯ仙台病院（紫山二,13,76,0.17105263157894737
39,仙台オープン病院（鶴ヶ谷五,3,28,0.10714285714285714
39,仙台医療センター（宮城野二,1,28,0.03571428571428571
39,仙台厚生病院（堤通雨宮町,1,28,0.03571428571428571
39,仙台厚生病院（広瀬町,2,28,0.07142857142857142
39,仙台市立病院（あすと長町一,2,28,0.07142857142857142
39,仙台徳洲会病院（高玉町,4,28,0.14285714285714285
39,仙台赤十字病院（八木山本町二,1,28,0.03571428571428571
39,東北労災病院（台原四,5,28,0.17857142857142858
39,東北大学病院（星陵町,2,28,0.07142857142857142
39,松田病院（実沢字立田屋敷,1,28,0.03571428571428571
39,泉整形外科病院（上谷刈,1,28,0.03571428571428571
39,泉病院（長命ヶ丘二,1,28,0.03571428571428571
39,県こども病院（落合四,2,28,0.07142857142857142
39,ＪＣＨＯ仙台病院（紫山二,2,28,0.07142857142857142
40,イムス明理会仙台総合病院（中央四,1,17,0.058823529411764705
40,中嶋病院（大梶,2,17,0.11764705882352941
40,仙台厚生病院（堤通雨宮町,2,17,0.11764705882352941
40,仙台徳洲会病院（高玉町,1,17,0.058823529411764705
40,仙台赤十字病院（八木山本町二,1,17,0.058823529411764705
40,伊藤病院（二日町）,1,17,0.058823529411764705
40,広南病院（長町南四,1,17,0.058823529411764705
40,東北公済病院（国分町二,2,17,0.11764705882352941
40,東北大学病院（星陵町,4,17,0.23529411764705882
40,河原町病院（南小泉字八軒,1,17,0.058823529411764705
40,ＪＣＨＯ仙台病院（紫山二,1,17,0.058823529411764705
41,イムス明理会仙台総合病院（中央四,1,34,0.029411764705882353
41,中嶋病院（大梶,3,34,0.08823529411764706
41,仙台オープン病院（鶴ヶ谷五,2,34,0.058823529411764705
41,仙台厚生病院（堤通雨宮町,1,34,0.029411764705882353
41,仙台市立病院（あすと長町一,2,34,0.058823529411764705
41,仙台徳洲会病院（高玉町,2,34,0.058823529411764705
41,仙台赤十字病院（八木山本町二,3,34,0.08823529411764706
41,伊藤病院（二日町）,1,34,0.029411764705882353
41,広南病院（長町南四,3,34,0.08823529411764706
41,東北公済病院（国分町二,5,34,0.14705882352941177
41,東北労災病院（台原四,5,34,0.14705882352941177
41,東北大学病院（星陵町,1,34,0.029411764705882353
41,松田病院（実沢字立田屋敷,1,34,0.029411764705882353
41,河原町病院（南小泉字八軒,1,34,0.029411764705882353
41,ＪＣＨＯ仙台病院（紫山二,1,34,0.029411764705882353
41,ＪＲ仙台病院（五橋一,2,34,0.058823529411764705
42,ひろせ中央クリニック（落合二丁目,2,202,0.009900990099009901
42,イムス明理会仙台総合病院（中央四,15,202,0.07425742574257425
42,中嶋病院（大梶,11,202,0.054455445544554455
42,仙台オープン病院（鶴ヶ谷五,1,202,0.0049504950495049506
42,仙台医療センター（宮城野二,8,202,0.039603960396039604
42,仙台厚生病院（堤通雨宮町,21,202,0.10396039603960396
42,仙台厚生病院（広瀬町,6,202,0.0297029702970297
42,仙台市立病院（あすと長町一,17,202,0.08415841584158416
42,仙台徳洲会病院（高玉町,20,202,0.09900990099009901
42,仙台東脳神経外科（岩切一,1,202,0.0049504950495049506
42,仙台赤十字病院（八木山本町二,1,202,0.0049504950495049506
42,佐藤病院（上杉二,1,202,0.0049504950495049506
42,川平内科（川平三,1,202,0.0049504950495049506
42,広南病院（長町南四,9,202,0.04455445544554455
42,広瀬病院（郷六字大森,1,202,0.0049504950495049506
42,愛子整形外科（愛子東一,1,202,0.0049504950495049506
42,東北公済病院（国分町二,20,202,0.09900990099009901
42,東北労災病院（台原四,16,202,0.07920792079207921
42,東北医科薬科大学病院（福室一,1,202,0.0049504950495049506
42,東北大学病院（星陵町,13,202,0.06435643564356436
42,松田病院（実沢字立田屋敷,1,202,0.0049504950495049506
42,河原町病院（南小泉字八軒,1,202,0.0049504950495049506
42,泉整形外科病院（上谷刈,2,202,0.009900990099009901
42,泉病院（長命ヶ丘二,7,202,0.034653465346534656
42,県こども病院（落合四,10,202,0.04950495049504951
42,若林病院　東北医科薬科大学（大和町二,2,202,0.009900990099009901
42,西多賀病院（鈎取本町二,3,202,0.01485148514851485
42,ＪＣＨＯ仙台病院（紫山二,7,202,0.034653465346534656
42,ＪＲ仙台病院（五橋一,3,202,0.01485148514851485
43,めときこどもクリニック（国見ヶ丘一,1,180,0.005555555555555556
43,イムス明理会仙台総合病院（中央四,11,180,0.06111111111111111
43,中嶋病院（大梶,9,180,0.05
43,仙台オープン病院（鶴ヶ谷五,8,180,0.044444444444444446
43,仙台医療センター（宮城野二,11,180,0.06111111111111111
43,仙台厚生病院（堤通雨宮町,14,180,0.07777777777777778
43,仙台厚生病院（広瀬町,9,180,0.05
43,仙台市夜間休日こども急病診療所（あすと長,1,180,0.005555555555555556
43,仙台市急患センター（舟丁,1,180,0.005555555555555556
43,仙台市立病院（あすと長町一,11,180,0.06111111111111111
43,仙台循環器病センター（泉中央一,2,180,0.011111111111111112
43,仙台徳洲会病院（高玉町,25,180,0.1388888888888889
43,仙台東脳神経外科（岩切一,3,180,0.016666666666666666
43,仙台赤十字病院（八木山本町二,2,180,0.011111111111111112
43,公立黒川病院（大和町,1,180,0.005555555555555556
43,川平内科（川平三,1,180,0.005555555555555556
43,広南病院（長町南四,5,180,0.027777777777777776
43,東北公済病院（国分町二,6,180,0.03333333333333333
43,東北労災病院（台原四,17,180,0.09444444444444444
43,東北医科薬科大学病院（福室一,1,180,0.005555555555555556
43,東北大学病院（星陵町,18,180,0.1
43,泉整形外科病院（上谷刈,6,180,0.03333333333333333
43,泉病院（長命ヶ丘二,6,180,0.03333333333333333
43,県こども病院（落合四,6,180,0.03333333333333333
43,ＪＣＨＯ仙台病院（紫山二,5,180,0.027777777777777776
